{
    "metadata":{
        "generator":"io_three",
        "normal":36,
        "uv":36,
        "version":3,
        "position":36,
        "type":"BufferGeometry"
    },
    "data":{
        "index":{
            "array":[0,1,2,3,4,5,6,7,8,9,10,11,12,13,14,15,16,17,18,19,20,21,22,23,24,25,26,27,28,29,30,31,32,33,34,35],
            "itemSize":1,
            "type":"Uint16Array"
        },
        "groups":[{
            "count":36,
            "start":0,
            "materialIndex":0
        }],
        "attributes":{
            "normal":{
                "array":[-7.10543e-15,-1,2.98023e-08,-7.10543e-15,-1,2.98023e-08,-7.10543e-15,-1,2.98023e-08,7.10543e-15,1,-2.98023e-08,7.10543e-15,1,-2.98023e-08,7.10543e-15,1,-2.98023e-08,1,-2.38419e-07,7.10543e-15,1,-2.38419e-07,7.10543e-15,1,-2.38419e-07,7.10543e-15,-5.96046e-08,-2.98023e-07,1,-5.96046e-08,-2.98023e-07,1,-5.96046e-08,-2.98023e-07,1,-1,-1.49012e-07,-2.38419e-07,-1,-1.49012e-07,-2.38419e-07,-1,-1.49012e-07,-2.38419e-07,2.38419e-07,1.78814e-07,-1,2.38419e-07,1.78814e-07,-1,2.38419e-07,1.78814e-07,-1,-1.77636e-15,-1,2.98023e-08,-1.77636e-15,-1,2.98023e-08,-1.77636e-15,-1,2.98023e-08,1.5099e-14,1,-2.98023e-08,1.5099e-14,1,-2.98023e-08,1.5099e-14,1,-2.98023e-08,1,3.27825e-07,5.66244e-07,1,3.27825e-07,5.66244e-07,1,3.27825e-07,5.66244e-07,-5.0664e-07,1.49012e-07,1,-5.0664e-07,1.49012e-07,1,-5.0664e-07,1.49012e-07,1,-1,-1.19209e-07,-2.08616e-07,-1,-1.19209e-07,-2.08616e-07,-1,-1.19209e-07,-2.08616e-07,2.38419e-07,1.78814e-07,-1,2.38419e-07,1.78814e-07,-1,2.38419e-07,1.78814e-07,-1],
                "itemSize":3,
                "type":"Float32Array"
            },
            "position":{
                "array":[1,-1,-1,-1,-1,1,-1,-1,-1,-1,1,-1,0.999999,1,1,1,1,-1,1,1,-1,1,-1,1,1,-1,-1,0.999999,1,1,-1,-1,1,1,-1,1,-1,-1,1,-1,1,-1,-1,-1,-1,1,-1,-1,-1,1,-1,1,1,-1,1,-1,-1,1,-1,1,-1,-1,1,-1,1,-1,-1,1,1,0.999999,1,1,1,1,-1,0.999999,1,1,1,-1,1,0.999999,1,1,-1,1,1,-1,-1,1,-1,-1,1,-1,1,1,-1,1,-1,1,-1,-1,-1,-1,-1,-1,1,-1],
                "itemSize":3,
                "type":"Float32Array"
            },
            "uv":{
                "array":[0,0,1,1,0,1,1,0,0,1,0,0,1,0,0,1,0,0,1,0,0,1,0,0,0,0,1,1,0,1,1,0,0,1,0,0,0,0,1,0,1,1,1,0,1,1,0,1,1,0,1,1,0,1,1,0,1,1,0,1,0,0,1,0,1,1,1,0,1,1,0,1],
                "itemSize":2,
                "type":"Float32Array"
            }
        }
    }
}